oa_id,oa_code,oa_desc,oa_short_desc,grade_code,subject_code,bloom_level,cog_skill,oa_version,semester,complexity_level,estimated_hours,ministerial_priority,is_transversal,enriched_at
e1e3d678-8531-4583-adea-ddb243050f19,MA02OA01,"Contar números del 0 al 1 000 de 2 en 2, de 5 en 5, de 10 en 10 y de 100 en 100, hacia adelante y hacia atrás, empezando por cualquier número menor que 1 000.","Contar números del 0 al 1 000 de 2 en 2, de 5 en 5, de 10 en 10 y de 100 en 100, hacia adelante y ha...",2B,MAT,Recordar,mantener,2023,1,1,4,normal,False,2025-07-07T16:13:46.502327
2de17c8b-cf97-4a56-821f-191287c1100f,MA02OA02,"Leer números del 0 al 100 y representarlos en forma concreta, pictórica y simbólica.","Leer números del 0 al 100 y representarlos en forma concreta, pictórica y simbólica.",2B,MAT,Recordar,mantener,2023,1,1,4,normal,False,2025-07-07T16:13:46.502327
41f110e3-bc9e-438c-a9fd-4dce932ce51c,MA02OA03,"Comparar y ordenar números del 0 al 100 de menor a mayor y viceversa, usando material concreto y monedas nacionales de manera manual y/o por medio de software educativo.","Comparar y ordenar números del 0 al 100 de menor a mayor y viceversa, usando material concreto y mon...",2B,MAT,Comprender,mantener,2023,1,2,4,normal,False,2025-07-07T16:13:46.502327
de32964b-9ebc-470a-a5f9-b68812c5f8d5,MA02OA04,"Estimar cantidades hasta 100 en situaciones concretas, usando un referente.","Estimar cantidades hasta 100 en situaciones concretas, usando un referente.",2B,MAT,Aplicar,mantener,2023,1,3,4,normal,False,2025-07-07T16:13:46.502327
5553df20-660b-436c-a59b-66ba5093038f,MA02OA05,"Componer y descomponer números del 0 a 100 de manera aditiva, en forma concreta, pictórica y simbólica.","Componer y descomponer números del 0 a 100 de manera aditiva, en forma concreta, pictórica y simbóli...",2B,MAT,Recordar,mantener,2023,1,1,4,normal,False,2025-07-07T16:13:46.502327
081a9afa-ec75-4004-a349-e5e64404d2fd,MA02OA06,Describir y aplicar estrategias de cálculo mental para adiciones y sustracciones hasta 20:,Describir y aplicar estrategias de cálculo mental para adiciones y sustracciones hasta 20:,2B,MAT,Comprender,mantener,2023,1,2,4,normal,False,2025-07-07T16:13:46.502327
f83f83e3-c784-4fc1-a794-d0e161969dce,MA02OA07,"Identificar las unidades y decenas en números del 0 al 100, representando las cantidades de acuerdo a su valor posicional, con material concreto, pictórico y simbólico.","Identificar las unidades y decenas en números del 0 al 100, representando las cantidades de acuerdo ...",2B,MAT,Recordar,mantener,2023,1,1,4,normal,False,2025-07-07T16:13:46.502327
fe1f3418-a1d0-4eb1-9671-75d5ef7324ae,MA02OA08,"Demostrar y explicar de manera concreta, pictórica y simbólica el efecto de sumar y restar 0 a un número.","Demostrar y explicar de manera concreta, pictórica y simbólica el efecto de sumar y restar 0 a un nú...",2B,MAT,Comprender,mantener,2023,1,2,4,normal,False,2025-07-07T16:13:46.502327
8fa0f23e-09d8-4f7b-a548-5d3b50c1db74,MA02OA09,Demostrar que comprende la adición y la sustracción en el ámbito del 0 al 100:,Demostrar que comprende la adición y la sustracción en el ámbito del 0 al 100:,2B,MAT,Aplicar,mantener,2023,1,3,4,normal,False,2025-07-07T16:13:46.503328
c91d50e5-4f4b-4e6a-bd11-6ca199f8890e,MA02OA10,"Demostrar que comprende la relación entre la adición y la sustracción al usar la ""familia de operaciones"" en cálculos aritméticos y la resolución de problemas.","Demostrar que comprende la relación entre la adición y la sustracción al usar la ""familia de operaci...",2B,MAT,Aplicar,mantener,2023,1,3,4,normal,False,2025-07-07T16:13:46.503328
fd0697a9-cc29-4ac5-acde-fa36d104ca7b,MA02OA11,Demostrar que comprende la multiplicación:,Demostrar que comprende la multiplicación:,2B,MAT,Aplicar,mantener,2023,1,3,4,normal,False,2025-07-07T16:13:46.503328
b6f3cc19-9823-4fe0-a501-9cf9c3b977e2,MA02OA12,"Crear, representar y continuar una variedad de patrones numéricos y completar los elementos faltantes, de manera manual y/o usando software educativo.","Crear, representar y continuar una variedad de patrones numéricos y completar los elementos faltante...",2B,MAT,Aplicar,mantener,2023,1,3,4,normal,False,2025-07-07T16:13:46.503328
0f6d6bd9-bab7-4d36-90dd-6babdf8b9f56,MA02OA13,"Demostrar, explicar y registrar la igualdad y la desigualdad en forma concreta y pictórica del 0 al 20, usando el símbolo igual (=) y los símbolos no igual (>, <).","Demostrar, explicar y registrar la igualdad y la desigualdad en forma concreta y pictórica del 0 al ...",2B,MAT,Comprender,mantener,2023,1,2,4,normal,False,2025-07-07T16:13:46.503328
75f531b3-d6ca-490f-b241-dfbc179304c3,MA02OA14,"Representar y describir la posición de objetos y personas en relación a sí mismos y a otros objetos y personas, incluyendo derecha e izquierda y usando material concreto y dibujos.",Representar y describir la posición de objetos y personas en relación a sí mismos y a otros objetos ...,2B,MAT,Comprender,mantener,2023,1,2,4,normal,False,2025-07-07T16:13:46.503328
bd83ca6f-8436-47c8-93d1-926dca9de8e9,MA02OA15,"Describir, comparar y construir figuras 2D (triángulos, cuadrados, rectángulos y círculos) con material concreto.","Describir, comparar y construir figuras 2D (triángulos, cuadrados, rectángulos y círculos) con mater...",2B,MAT,Comprender,espacial,2023,1,2,4,normal,False,2025-07-07T16:13:46.503328
731f8e50-74d1-41b6-8a3f-7856442b98e0,MA02OA16,"Describir, comparar y construir figuras 3D (cubos, paralelepípedos, esferas y conos) con diversos materiales.","Describir, comparar y construir figuras 3D (cubos, paralelepípedos, esferas y conos) con diversos ma...",2B,MAT,Comprender,espacial,2023,1,2,4,normal,False,2025-07-07T16:13:46.503328
48acaa9e-4ad9-4bd8-aebc-88c9a32ec370,MA02OA17,"Identificar días, semanas, meses y fechas en el calendario.","Identificar días, semanas, meses y fechas en el calendario.",2B,MAT,Recordar,mantener,2023,1,1,4,normal,False,2025-07-07T16:13:46.503328
0c72ac85-f89a-4ea7-8d42-687461cf5e09,MA02OA18,"Leer horas y medias horas en relojes digitales, en el contexto de la resolución de problemas.","Leer horas y medias horas en relojes digitales, en el contexto de la resolución de problemas.",2B,MAT,Recordar,mantener,2023,1,1,4,normal,False,2025-07-07T16:13:46.503328
d5b71338-7799-49e2-a0e4-282e29f64234,MA02OA19,"Determinar la longitud de objetos, usando unidades de medidas no estandarizadas y unidades estandarizadas (cm y m), en el contexto de la resolución de problemas.","Determinar la longitud de objetos, usando unidades de medidas no estandarizadas y unidades estandari...",2B,MAT,Analizar,mantener,2023,1,4,4,normal,False,2025-07-07T16:13:46.503328
829da8b3-994b-42bb-bca7-576e18cfb2a1,MA02OA20,"Recolectar y registrar datos para responder preguntas estadísticas sobre juegos con monedas y dados, usando bloques y tablas de conteo y pictogramas.","Recolectar y registrar datos para responder preguntas estadísticas sobre juegos con monedas y dados,...",2B,MAT,Recordar,mantener,2023,1,1,4,normal,False,2025-07-07T16:13:46.503328
496b8a33-895b-442a-836e-90af28dcc7ce,MA02OA21,"Registrar en tablas y gráficos de barra simple, resultados de juegos aleatorios con dados y monedas.","Registrar en tablas y gráficos de barra simple, resultados de juegos aleatorios con dados y monedas.",2B,MAT,Recordar,mantener,2023,1,1,4,normal,False,2025-07-07T16:13:46.503328
a129f130-58c1-4fc8-8094-b1269dfbe416,MA02OA22,"Construir, leer e interpretar pictogramas con escala y gráficos de barra simple.","Construir, leer e interpretar pictogramas con escala y gráficos de barra simple.",2B,MAT,Crear,mantener,2023,1,4,4,normal,False,2025-07-07T16:13:46.503328
93df0272-155d-4fca-93e1-b86eb49dbffa,LE02OA01,"Leer textos significativos que incluyan palabras con hiatos y diptongos, con grupos consonánticos y con combinación ce-ci, que-qui, ge-gi, gue-gui, güe-güi.","Leer textos significativos que incluyan palabras con hiatos y diptongos, con grupos consonánticos y ...",2B,LEN,Recordar,mantener,2023,1,1,4,normal,False,2025-07-07T16:13:46.503328
39344db9-d1db-4d6e-a76a-366f99cbd548,LE02OA02,Leer en voz alta para adquirir fluidez,Leer en voz alta para adquirir fluidez,2B,LEN,Recordar,mantener,2023,1,1,4,normal,False,2025-07-07T16:13:46.503328
bba7b079-2ff5-4ea9-be14-363cd49975b0,LE02OA03,Comprender textos aplicando estrategias de comprensión lectora,Comprender textos aplicando estrategias de comprensión lectora,2B,LEN,Comprender,mantener,2023,1,2,4,normal,False,2025-07-07T16:13:46.503328
8ac15f5e-188e-4613-9c99-a2efb0620cab,LE02OA04,Leer independientemente y ampliar repertorio de lecturas,Leer independientemente y ampliar repertorio de lecturas,2B,LEN,Recordar,mantener,2023,1,1,4,normal,False,2025-07-07T16:13:46.503328
cad8f5b2-26fd-46c6-98d6-d14102fbd2bf,LE02OA05,Demostrar comprensión de las narraciones leídas,Demostrar comprensión de las narraciones leídas,2B,LEN,Aplicar,mantener,2023,1,3,4,normal,False,2025-07-07T16:13:46.503328
4170ccb4-f2e8-48dd-ac72-311b1348db95,LE02OA06,Leer habitualmente y disfrutar los mejores poemas de autor y de la tradición oral adecuados a su edad.,Leer habitualmente y disfrutar los mejores poemas de autor y de la tradición oral adecuados a su eda...,2B,LEN,Recordar,mantener,2023,1,1,4,normal,False,2025-07-07T16:13:46.504482
51099a81-f962-49ae-9133-9c2fe87f6816,LE02OA07,Leer independientemente y comprender textos no literarios,Leer independientemente y comprender textos no literarios,2B,LEN,Comprender,mantener,2023,1,2,4,normal,False,2025-07-07T16:13:46.504482
070cd985-f0aa-403d-9025-d21af46800c3,LE02OA08,"Desarrollar el gusto por la lectura, leyendo habitualmente diversos textos.","Desarrollar el gusto por la lectura, leyendo habitualmente diversos textos.",2B,LEN,Aplicar,mantener,2023,1,4,4,normal,False,2025-07-07T16:13:46.504482
da3b21d3-f512-4957-aba0-008d4d6c2ddf,LE02OA09,"Asistir habitualmente a la biblioteca para encontrar información y elegir libros, cuidando el material en favor del uso común.","Asistir habitualmente a la biblioteca para encontrar información y elegir libros, cuidando el materi...",2B,LEN,Analizar,memorizar,2023,1,4,4,normal,False,2025-07-07T16:13:46.504482
d988adf2-f1ed-4d43-b658-166645deccda,LE02OA10,"Buscar información sobre un tema en una fuente dada por el docente (página de internet, sección del diario, capítulo de un libro, etc.), para llevar a cabo una investigación.","Buscar información sobre un tema en una fuente dada por el docente (página de internet, sección del ...",2B,LEN,Recordar,memorizar,2023,1,1,4,normal,False,2025-07-07T16:13:46.504482
7af8d644-a9bd-4645-845e-4764c221079b,LE02OA11,Desarrollar la curiosidad por las palabras o expresiones que desconocen y adquirir el hábito de averiguar su significado.,Desarrollar la curiosidad por las palabras o expresiones que desconocen y adquirir el hábito de aver...,2B,LEN,Aplicar,mantener,2023,1,3,4,normal,False,2025-07-07T16:13:46.504482
a0e63605-d6da-41bd-8a93-ac7c9ae52f82,LE02OA12,"Escribir frecuentemente, para desarrollar la creatividad y expresar sus ideas, textos como poemas, diarios de vida, anécdotas, cartas, recados, etc.","Escribir frecuentemente, para desarrollar la creatividad y expresar sus ideas, textos como poemas, d...",2B,LEN,Aplicar,mantener,2023,1,3,4,normal,False,2025-07-07T16:13:46.504482
24184460-8e67-43e8-931a-e37d0f3446ce,LE02OA13,"Escribir creativamente narraciones (experiencias personales, relatos de hechos, cuentos, etc.) que tengan inicio, desarrollo y desenlace.","Escribir creativamente narraciones (experiencias personales, relatos de hechos, cuentos, etc.) que t...",2B,LEN,Recordar,mantener,2023,1,1,4,normal,False,2025-07-07T16:13:46.504482
7dffbb3a-fd57-4b42-98bf-5869f344543a,LE02OA14,Escribir artículos informativos para comunicar información sobre un tema.,Escribir artículos informativos para comunicar información sobre un tema.,2B,LEN,Recordar,memorizar,2023,1,1,4,normal,False,2025-07-07T16:13:46.504482
c0440d66-a78a-433e-ab95-518416e6d290,LE02OA15,"Escribir con letra clara, separando las palabras con un espacio para que puedan ser leídas por otros con facilidad.","Escribir con letra clara, separando las palabras con un espacio para que puedan ser leídas por otros...",2B,LEN,Recordar,mantener,2023,1,1,4,normal,False,2025-07-07T16:13:46.504482
8af995f7-6e27-4b59-8ef4-89c70d83391a,LE02OA16,Planificar la escritura,Planificar la escritura,2B,LEN,Crear,mantener,2023,1,5,4,normal,False,2025-07-07T16:13:46.504482
f922621a-78c8-4650-b10c-21ec76c33c02,LE02OA17,Revisión y edición de textos propios para transmitir ideas claramente,Revisión y edición de textos propios para transmitir ideas claramente,2B,LEN,Recordar,mantener,2023,1,1,4,normal,False,2025-07-07T16:13:46.504482
211a46c7-e274-47fa-b2a0-2f01df0a6a4b,LE02OA18,Incorporar de manera pertinente en la escritura el vocabulario nuevo extraído de textos escuchados o leídos.,Incorporar de manera pertinente en la escritura el vocabulario nuevo extraído de textos escuchados o...,2B,LEN,Recordar,mantener,2023,1,1,4,normal,False,2025-07-07T16:13:46.504482
bb661948-b17b-470d-a72b-74fd83c767fb,LE02OA19,"Comprender la función de los artículos, sustantivos y adjetivos en textos orales y escritos, y reemplazarlos o combinarlos de diversas maneras para enriquecer o precisar sus producciones.","Comprender la función de los artículos, sustantivos y adjetivos en textos orales y escritos, y reemp...",2B,LEN,Comprender,mantener,2023,1,2,4,normal,False,2025-07-07T16:13:46.504482
b5061fe3-db8a-4821-9905-5fe0e78b9c4a,LE02OA20,Identificar el género y número de las palabras para asegurar la concordancia en sus escritos.,Identificar el género y número de las palabras para asegurar la concordancia en sus escritos.,2B,LEN,Recordar,mantener,2023,1,1,4,normal,False,2025-07-07T16:13:46.504482
ae39d609-79e9-46ba-9765-832244d2e947,LE02OA21,Escribir correctamente para facilitar la comprensión al lector,Escribir correctamente para facilitar la comprensión al lector,2B,LEN,Recordar,mantener,2023,1,1,4,normal,False,2025-07-07T16:13:46.504482
aacc93a7-a756-4899-872a-a1042957633a,LE02OA22,Comprender y disfrutar versiones completas de obras narradas por un adulto,Comprender y disfrutar versiones completas de obras narradas por un adulto,2B,LEN,Comprender,mantener,2023,1,2,4,normal,False,2025-07-07T16:13:46.504482
4af86132-7ffe-456c-9ca5-0173034225cd,LE02OA23,Comprender textos orales para obtener información y desarrollar curiosidad,Comprender textos orales para obtener información y desarrollar curiosidad,2B,LEN,Aplicar,memorizar,2023,1,3,4,normal,False,2025-07-07T16:13:46.505480
7b5d87c0-93cc-44b7-8e0d-fa7302c4b5a0,LE02OA24,"Disfrutar de la experiencia de asistir a obras de teatro infantiles o representaciones para ampliar sus posibilidades de expresión, desarrollar su creatividad y familiarizarse con el género.",Disfrutar de la experiencia de asistir a obras de teatro infantiles o representaciones para ampliar ...,2B,LEN,Recordar,mantener,2023,1,1,4,normal,False,2025-07-07T16:13:46.505480
f167969a-ee3f-472a-a646-a5077c81061a,LE02OA25,Participar activamente en conversaciones grupales sobre textos,Participar activamente en conversaciones grupales sobre textos,2B,LEN,Recordar,mantener,2023,1,1,4,normal,False,2025-07-07T16:13:46.505480
53aef318-16e5-4381-93fd-fd27e358efda,MA03OA01,"Contar números del 0 al 1 000 de 5 en 5, de 10 en 10, de 100 en 100:","Contar números del 0 al 1 000 de 5 en 5, de 10 en 10, de 100 en 100:",3B,MAT,Recordar,mantener,2023,1,1,4,normal,False,2025-07-07T16:13:46.505480
561c503a-a8ba-4867-99ff-8bf45c62e412,MA03OA02,"Leer números hasta 1 000 y representarlos en forma concreta, pictórica y simbólica.","Leer números hasta 1 000 y representarlos en forma concreta, pictórica y simbólica.",3B,MAT,Recordar,mantener,2023,1,1,4,normal,False,2025-07-07T16:13:46.505480
5ef2dfd5-c414-4f9a-9583-74e68758a179,MA03OA03,"Comparar y ordenar números naturales hasta   1 000, utilizando la recta numérica o la tabla posicional de manera manual y/o por medio de software educativo.","Comparar y ordenar números naturales hasta   1 000, utilizando la recta numérica o la tabla posicion...",3B,MAT,Comprender,mantener,2023,1,2,4,normal,False,2025-07-07T16:13:46.505480
647a7fca-7514-4164-bea2-89ba1ac713b7,MA03OA04,Describir y aplicar estrategias de cálculo mental para las adiciones y sustracciones hasta 100:,Describir y aplicar estrategias de cálculo mental para las adiciones y sustracciones hasta 100:,3B,MAT,Comprender,mantener,2023,1,2,4,normal,False,2025-07-07T16:13:46.505480
3b4f310d-7e68-4b7a-bf3b-de1ecb4283b3,MA03OA05,"Identificar y describir las unidades, decenas y centenas en números del 0 al 1 000, representando las cantidades de acuerdo a su valor posicional, con material concreto, pictórico y simbólico.","Identificar y describir las unidades, decenas y centenas en números del 0 al 1 000, representando la...",3B,MAT,Recordar,mantener,2023,1,1,4,normal,False,2025-07-07T16:13:46.505480
cc24f98f-39c1-4d9b-ae8b-5349317751dc,MA03OA06,Demostrar que comprenden la adición y la sustracción de números del 0 al 1 000:,Demostrar que comprenden la adición y la sustracción de números del 0 al 1 000:,3B,MAT,Aplicar,mantener,2023,1,3,4,normal,False,2025-07-07T16:13:46.505480
0d9e8707-7632-4d82-80f9-cc91fef3a650,MA03OA07,"Demostrar que comprenden la relación entre la adición y la sustracción, usando la ""familia de operaciones"" en cálculos aritméticos y en la resolución de problemas.","Demostrar que comprenden la relación entre la adición y la sustracción, usando la ""familia de operac...",3B,MAT,Aplicar,mantener,2023,1,3,4,normal,False,2025-07-07T16:13:46.505480
f384f439-f8e6-4b4f-9858-69a649b8fdff,MA03OA08,Demostrar que comprenden las tablas de multiplicar hasta 10 de manera progresiva:,Demostrar que comprenden las tablas de multiplicar hasta 10 de manera progresiva:,3B,MAT,Aplicar,mantener,2023,1,3,4,normal,False,2025-07-07T16:13:46.505480
84187eb7-27da-480f-b9ec-9ac839b16c86,MA03OA09,Demostrar que comprenden la división en el contexto de las tablas de hasta 10x10:,Demostrar que comprenden la división en el contexto de las tablas de hasta 10x10:,3B,MAT,Aplicar,mantener,2023,1,3,4,normal,False,2025-07-07T16:13:46.505480
c886c242-0e86-4003-b14a-e405a84c0aa7,MA03OA10,"Resolver problemas rutinarios en contextos cotidianos, que incluyan dinero e involucren las cuatro operaciones (no combinadas).","Resolver problemas rutinarios en contextos cotidianos, que incluyan dinero e involucren las cuatro o...",3B,MAT,Aplicar,mantener,2023,1,3,4,normal,False,2025-07-07T16:13:46.505480
04d810c7-e7c4-49b1-bc4b-3dce943e6bba,MA03OA11,"Demostrar que comprenden las fracciones de uso común: 1/4 , 1/3 , 1/2 , 2/3 , 3/4:","Demostrar que comprenden las fracciones de uso común: 1/4 , 1/3 , 1/2 , 2/3 , 3/4:",3B,MAT,Aplicar,mantener,2023,1,3,4,normal,False,2025-07-07T16:13:46.505480
fc51e3d9-be80-4339-af5c-a70c8f1aa86d,MA03OA12,"Generar, describir y registrar patrones numéricos, usando una variedad de estrategias en tablas del 100, de manera manual y/o con software educativo.","Generar, describir y registrar patrones numéricos, usando una variedad de estrategias en tablas del ...",3B,MAT,Comprender,mantener,2023,1,2,4,normal,False,2025-07-07T16:13:46.505480
a6fb5506-36fd-402b-aee0-79169ac71aaf,MA03OA13,"Resolver ecuaciones de un paso que involucren adiciones y sustracciones y un símbolo geométrico que represente un número desconocido, en forma pictórica y simbólica del 0 al 100.",Resolver ecuaciones de un paso que involucren adiciones y sustracciones y un símbolo geométrico que ...,3B,MAT,Aplicar,mantener,2023,1,3,4,normal,False,2025-07-07T16:13:46.505480
5cc9c6fe-f164-4b0e-82c9-1cb804b190c9,MA03OA14,Describir la localización de un objeto en un mapa simple o cuadrícula.,Describir la localización de un objeto en un mapa simple o cuadrícula.,3B,MAT,Comprender,mantener,2023,1,2,4,normal,False,2025-07-07T16:13:46.505480
ec538150-3f91-4724-94ed-384ec53d8eeb,MA03OA15,Demostrar que comprenden la relación que existe entre figuras 3D y figuras 2D:,Demostrar que comprenden la relación que existe entre figuras 3D y figuras 2D:,3B,MAT,Aplicar,espacial,2023,1,3,4,normal,False,2025-07-07T16:13:46.505480
5641650f-ca4d-4f00-b9e5-43fb2b4c91cc,MA03OA16,"Describir cubos, paralelepípedos, esferas, conos, cilindros y pirámides de acuerdo a la forma de sus caras y el número de aristas y vértices.","Describir cubos, paralelepípedos, esferas, conos, cilindros y pirámides de acuerdo a la forma de sus...",3B,MAT,Comprender,mantener,2023,1,2,4,normal,False,2025-07-07T16:13:46.505480
e7b7aba9-2537-4ae0-bf5e-1898ae6ed4cb,MA03OA17,"Reconocer en el entorno figuras 2D que están trasladadas, reflejadas y rotadas.","Reconocer en el entorno figuras 2D que están trasladadas, reflejadas y rotadas.",3B,MAT,Recordar,espacial,2023,1,1,4,normal,False,2025-07-07T16:13:46.505480
90f4052f-768d-456d-8ac3-c3edd981f246,MA03OA18,Demostrar que comprenden el concepto de ángulo:,Demostrar que comprenden el concepto de ángulo:,3B,MAT,Aplicar,mantener,2023,1,3,4,normal,False,2025-07-07T16:13:46.506755
9e4c0c66-cea2-465e-9105-900c08fbfe31,MA03OA19,Leer e interpretar líneas de tiempo y calendarios.,Leer e interpretar líneas de tiempo y calendarios.,3B,MAT,Comprender,mantener,2023,1,2,4,normal,False,2025-07-07T16:13:46.506755
4f331595-546e-4795-9133-2e4d839d3412,MA03OA20,"Leer y registrar el tiempo en horas, medias horas, cuartos de hora y minutos en relojes análogos y digitales.","Leer y registrar el tiempo en horas, medias horas, cuartos de hora y minutos en relojes análogos y d...",3B,MAT,Recordar,mantener,2023,1,1,4,normal,False,2025-07-07T16:13:46.506755
1e36efba-9965-4ccb-b426-cbb23b088363,MA03OA21,Demostrar que comprenden el perímetro de una figura regular e irregular:,Demostrar que comprenden el perímetro de una figura regular e irregular:,3B,MAT,Aplicar,mantener,2023,1,3,4,normal,False,2025-07-07T16:13:46.506755
2c28b850-7ba3-4775-8243-cbc849dbe177,MA03OA22,Demostrar que comprende la medición del peso (g y kg):,Demostrar que comprende la medición del peso (g y kg):,3B,MAT,Aplicar,mantener,2023,1,3,4,normal,False,2025-07-07T16:13:46.506755
ed6e5400-72b9-491e-bd66-aa6e87a1dfd5,MA03OA23,Realizar encuestas y clasificar y organizar los datos obtenidos en tablas y visualizarlos en gráficos de barra.,Realizar encuestas y clasificar y organizar los datos obtenidos en tablas y visualizarlos en gráfico...,3B,MAT,Comprender,mantener,2023,1,2,4,normal,False,2025-07-07T16:13:46.506755
b0753690-9492-447d-98f6-c734ddd5a26c,MA03OA24,"Registrar y ordenar datos obtenidos de juegos aleatorios con dados y monedas, encontrando el menor, el mayor y estimando el punto medio entre ambos.","Registrar y ordenar datos obtenidos de juegos aleatorios con dados y monedas, encontrando el menor, ...",3B,MAT,Recordar,mantener,2023,1,1,4,normal,False,2025-07-07T16:13:46.506755
2198a59f-a557-4103-a095-be8ba50fea96,MA03OA25,"Construir, leer e interpretar pictogramas y gráficos de barra simple con escala, en base a información recolectada o dada.","Construir, leer e interpretar pictogramas y gráficos de barra simple con escala, en base a informaci...",3B,MAT,Crear,memorizar,2023,1,4,4,normal,False,2025-07-07T16:13:46.506755
f527f2a3-50fb-454d-83b0-0ed192b0f665,MA04OA01,Representar y describir números del 0 al 10 000:,Representar y describir números del 0 al 10 000:,4B,MAT,Comprender,mantener,2023,1,2,4,normal,False,2025-07-07T16:13:46.506755
b830bb58-4afa-437a-a00e-11a7788759a3,MA04OA02,Describir y aplicar estrategias de cálculo mental:,Describir y aplicar estrategias de cálculo mental:,4B,MAT,Comprender,mantener,2023,1,2,4,normal,False,2025-07-07T16:13:46.506755
c5df2a8b-22c3-475f-ac02-f3b5d96bcd57,MA04OA03,Demostrar que comprenden la adición y la sustracción de números hasta 1 000:,Demostrar que comprenden la adición y la sustracción de números hasta 1 000:,4B,MAT,Aplicar,mantener,2023,1,3,4,normal,False,2025-07-07T16:13:46.506755
0494a7b0-e7a2-4835-9767-f7f140026bf9,MA04OA04,Fundamentar y aplicar las propiedades del 0 y del 1 para la multiplicación y la propiedad del 1 para la división.,Fundamentar y aplicar las propiedades del 0 y del 1 para la multiplicación y la propiedad del 1 para...,4B,MAT,Aplicar,mantener,2023,1,3,4,normal,False,2025-07-07T16:13:46.506755
8a5b84d2-cf20-4943-b312-9ca326a937cf,MA04OA05,Demostrar que comprenden la multiplicación de números de tres dígitos por números de un dígito:,Demostrar que comprenden la multiplicación de números de tres dígitos por números de un dígito:,4B,MAT,Aplicar,mantener,2023,1,3,4,normal,False,2025-07-07T16:13:46.506755
6335f60b-79e2-4197-8fca-d20f46a03fb5,MA04OA06,Demostrar que comprenden la división con dividendos de dos dígitos y divisores de un dígito:,Demostrar que comprenden la división con dividendos de dos dígitos y divisores de un dígito:,4B,MAT,Aplicar,mantener,2023,1,3,4,normal,False,2025-07-07T16:13:46.506755
3d40610e-ec28-4f0c-9fe5-db3ab9f96d37,MA04OA07,"Resolver problemas rutinarios y no rutinarios en contextos cotidianos que incluyen dinero, seleccionando y utilizando la operación apropiada.","Resolver problemas rutinarios y no rutinarios en contextos cotidianos que incluyen dinero, seleccion...",4B,MAT,Aplicar,mantener,2023,1,3,4,normal,False,2025-07-07T16:13:46.506755
5427711d-17e4-4ab4-9cb6-aba9a5804829,MA04OA08,"Demostrar que comprende las fracciones con denominadores 100, 12, 10, 8, 6, 5, 4, 3, 2:","Demostrar que comprende las fracciones con denominadores 100, 12, 10, 8, 6, 5, 4, 3, 2:",4B,MAT,Aplicar,mantener,2023,1,3,4,normal,False,2025-07-07T16:13:46.506755
8d650054-bcbe-4f3b-9810-6b91b0645be2,MA04OA09,"Resolver adiciones y sustracciones de fracciones con igual denominador (denominadores 100, 12, 10, 8, 6, 5, 4, 3, 2) de manera concreta y pictórica en el contexto de la resolución de problemas.","Resolver adiciones y sustracciones de fracciones con igual denominador (denominadores 100, 12, 10, 8...",4B,MAT,Aplicar,mantener,2023,1,3,4,normal,False,2025-07-07T16:13:46.506755
cc7bf80e-cf23-4445-9ed6-c1bc77f7dc30,MA04OA10,"Identificar, escribir y representar fracciones propias y los números mixtos hasta el 5 de manera concreta, pictórica y simbólica, en el contexto de la resolución de problemas.","Identificar, escribir y representar fracciones propias y los números mixtos hasta el 5 de manera con...",4B,MAT,Recordar,mantener,2023,1,1,4,normal,False,2025-07-07T16:13:46.506755
b239baa7-3d1e-4d29-a092-56b80b841c02,MA04OA11,Describir y representar decimales (décimos y centésimos):,Describir y representar decimales (décimos y centésimos):,4B,MAT,Comprender,mantener,2023,1,2,4,normal,False,2025-07-07T16:13:46.507979
0a08eb2c-f7cc-49e7-a633-4bd2493d66a0,MA04OA12,"Resolver adiciones y sustracciones de decimales, empleando el valor posicional hasta la centésima en el contexto de la resolución de problemas.","Resolver adiciones y sustracciones de decimales, empleando el valor posicional hasta la centésima en...",4B,MAT,Aplicar,mantener,2023,1,3,4,normal,False,2025-07-07T16:13:46.507979
72e66a62-bbfd-46be-93b3-668aeb63f7fd,MA04OA13,"Identificar y describir patrones numéricos en tablas que involucren una operación, de manera manual y/o usando software educativo.","Identificar y describir patrones numéricos en tablas que involucren una operación, de manera manual ...",4B,MAT,Recordar,mantener,2023,1,1,4,normal,False,2025-07-07T16:13:46.507979
5894f524-2e9f-4900-9501-f1434679f3d9,MA04OA14,"Resolver ecuaciones e inecuaciones de un paso que involucren adiciones y sustracciones, comprobando los resultados en forma pictórica y simbólica del 0 al 100 y aplicando las relaciones inversas entre la adición y la sustracción.","Resolver ecuaciones e inecuaciones de un paso que involucren adiciones y sustracciones, comprobando ...",4B,MAT,Aplicar,mantener,2023,1,3,4,normal,False,2025-07-07T16:13:46.507979
daeeebe6-c416-4012-977a-58c3ba0f0abc,MA04OA15,"Describir la localización absoluta de un objeto en un mapa simple con coordenadas informales (por ejemplo con letras y números), y la localización relativa en relación a otros objetos.",Describir la localización absoluta de un objeto en un mapa simple con coordenadas informales (por ej...,4B,MAT,Comprender,mantener,2023,1,2,4,normal,False,2025-07-07T16:13:46.507979
cb865310-7e47-4ec4-8b27-5eb0a903111d,MA04OA16,"Determinar las vistas de figuras 3D, desde el frente, desde el lado y desde arriba.","Determinar las vistas de figuras 3D, desde el frente, desde el lado y desde arriba.",4B,MAT,Analizar,espacial,2023,1,4,4,normal,False,2025-07-07T16:13:46.507979
b6e2fea5-4e67-4017-b1a6-04f72c4929a5,MA04OA17,Demostrar que comprenden una línea de simetría:,Demostrar que comprenden una línea de simetría:,4B,MAT,Aplicar,mantener,2023,1,3,4,normal,False,2025-07-07T16:13:46.507979
b9e17b66-f1b2-4526-99b0-ba5c948eb18c,MA04OA18,"Trasladar, rotar y reflejar figuras 2D.","Trasladar, rotar y reflejar figuras 2D.",4B,MAT,Recordar,espacial,2023,1,1,4,normal,False,2025-07-07T16:13:46.507979
b14528c9-3ce7-40ee-80c9-7919b942624b,MA04OA19,Construir ángulos con el transportador y compararlos.,Construir ángulos con el transportador y compararlos.,4B,MAT,Crear,mantener,2023,1,5,4,normal,False,2025-07-07T16:13:46.507979
1e5afa97-80f4-466a-b025-346fff6e08d6,MA04OA20,"Leer y registrar diversas mediciones del tiempo en relojes análogos y digitales, usando los conceptos A.M., P.M. y 24 horas.","Leer y registrar diversas mediciones del tiempo en relojes análogos y digitales, usando los concepto...",4B,MAT,Recordar,mantener,2023,1,1,4,normal,False,2025-07-07T16:13:46.507979
e925f2d6-c016-4431-9472-a25d7f41a4cc,MA04OA21,"Realizar conversiones entre unidades de tiempo en el contexto de la resolución de problemas: el número de segundos en un minuto, el número de minutos en una hora, el número de días en un mes y el número de meses en un año.",Realizar conversiones entre unidades de tiempo en el contexto de la resolución de problemas: el núme...,4B,MAT,Recordar,mantener,2023,1,1,4,normal,False,2025-07-07T16:13:46.507979
96d26a43-b537-4af4-857f-68ae219bc676,MA04OA22,"Medir longitudes con unidades estandarizadas (m, cm) y realizar transformaciones entre estas unidades (m a cm y viceversa) en el contexto de la resolución de problemas.","Medir longitudes con unidades estandarizadas (m, cm) y realizar transformaciones entre estas unidade...",4B,MAT,Recordar,mantener,2023,1,1,4,normal,False,2025-07-07T16:13:46.509019
df5af8f7-8c56-4e5e-a788-c701957eddba,MA04OA23,Demostrar que comprenden el concepto de área de un rectángulo y de un cuadrado:,Demostrar que comprenden el concepto de área de un rectángulo y de un cuadrado:,4B,MAT,Aplicar,mantener,2023,1,3,4,normal,False,2025-07-07T16:13:46.509019
248f0df7-e27a-439e-8e97-c189580a1438,MA04OA24,Demostrar que comprenden el concepto de volumen de un cuerpo:,Demostrar que comprenden el concepto de volumen de un cuerpo:,4B,MAT,Aplicar,mantener,2023,1,3,4,normal,False,2025-07-07T16:13:46.509019
0cd1c5fb-6467-4038-9c27-6ef2a44e8c7f,MA04OA25,"Realizar encuestas, analizar los datos, comparar con los resultados de muestras aleatorias, usando tablas y gráficos.","Realizar encuestas, analizar los datos, comparar con los resultados de muestras aleatorias, usando t...",4B,MAT,Analizar,mantener,2023,1,4,4,normal,False,2025-07-07T16:13:46.509019
6cef8779-7220-4775-a993-a6a05b1c44ba,MA05OA01,Representar y describir números naturales de hasta más de 6 dígitos y menores que 1 000 millones:,Representar y describir números naturales de hasta más de 6 dígitos y menores que 1 000 millones:,5B,MAT,Comprender,mantener,2023,1,2,4,normal,False,2025-07-07T16:13:46.509019
121ddd56-f054-4cb2-b5ce-d6fb21f5fef2,MA05OA02,Aplicar estrategias de cálculo mental para la multiplicación:,Aplicar estrategias de cálculo mental para la multiplicación:,5B,MAT,Aplicar,mantener,2023,1,3,4,normal,False,2025-07-07T16:13:46.509019
3bc076c5-007f-4ba6-ae9c-11fbdb3be21e,MA05OA03,Demostrar que comprenden la multiplicación de números naturales de dos dígitos por números naturales de dos dígitos:,Demostrar que comprenden la multiplicación de números naturales de dos dígitos por números naturales...,5B,MAT,Aplicar,mantener,2023,1,3,4,normal,False,2025-07-07T16:13:46.509019
97756f9a-9c5d-409e-b83b-fcbd72da10a0,MA05OA04,Demostrar que comprenden la división con dividendos de tres dígitos y divisores de un dígito:,Demostrar que comprenden la división con dividendos de tres dígitos y divisores de un dígito:,5B,MAT,Aplicar,mantener,2023,1,3,4,normal,False,2025-07-07T16:13:46.509019
f28ab788-5082-4577-997e-6372c9ce0c9d,MA05OA05,"Realizar cálculos que involucren las cuatro operaciones, aplicando las reglas relativas a paréntesis y la prevalencia de la multiplicación y la división por sobre la adición y la sustracción cuando corresponda.","Realizar cálculos que involucren las cuatro operaciones, aplicando las reglas relativas a paréntesis...",5B,MAT,Recordar,mantener,2023,1,1,4,normal,False,2025-07-07T16:13:46.509019
10cc289a-e3d3-4dbd-8694-643726de47f5,MA05OA06,Resolver problemas rutinarios y no rutinarios que involucren las cuatro operaciones y combinaciones de ellas:,Resolver problemas rutinarios y no rutinarios que involucren las cuatro operaciones y combinaciones ...,5B,MAT,Aplicar,mantener,2023,1,3,4,normal,False,2025-07-07T16:13:46.509019
69228a3f-742d-4c9c-b30d-724b2f7bc164,MA05OA07,Simplificar y amplificar fracciones propias,Simplificar y amplificar fracciones propias,5B,MAT,Recordar,mantener,2023,1,1,4,normal,False,2025-07-07T16:13:46.509019
3049f257-89b1-49a5-92cb-a4714599e98f,MA05OA08,Fracciones impropias y números mixtos,Fracciones impropias y números mixtos,5B,MAT,Recordar,mantener,2023,1,1,4,normal,False,2025-07-07T16:13:46.509019
f08740c8-5ad8-4a6e-abe0-eb7330f0b849,MA05OA09,Adición y sustracción de fracciones,Adición y sustracción de fracciones,5B,MAT,Recordar,mantener,2023,1,1,4,normal,False,2025-07-07T16:13:46.509019
47b5d0a9-9774-4b14-8b45-c7e0a8343e1b,MA05OA10,"Determinar el decimal que corresponde a fracciones con denominador 2, 4, 5 y 10.","Determinar el decimal que corresponde a fracciones con denominador 2, 4, 5 y 10.",5B,MAT,Analizar,mantener,2023,1,4,4,normal,False,2025-07-07T16:13:46.509019
64525553-7d4e-4939-8485-8ba53fc7de4b,MA05OA11,Comparar y ordenar decimales hasta la milésima.,Comparar y ordenar decimales hasta la milésima.,5B,MAT,Comprender,mantener,2023,1,2,4,normal,False,2025-07-07T16:13:46.509019
144b1d80-e2a1-4273-8399-38a06f6e26ae,MA05OA12,"Resolver adiciones y sustracciones de decimales, empleando el valor posicional hasta la milésima.","Resolver adiciones y sustracciones de decimales, empleando el valor posicional hasta la milésima.",5B,MAT,Aplicar,mantener,2023,1,3,4,normal,False,2025-07-07T16:13:46.509019
b850ea99-0b8f-4a52-b34c-9fa4ff220c01,MA05OA13,"Resolver problemas rutinarios y no rutinarios, aplicando adiciones y sustracciones de fracciones propias o decimales hasta la milésima.","Resolver problemas rutinarios y no rutinarios, aplicando adiciones y sustracciones de fracciones pro...",5B,MAT,Aplicar,mantener,2023,1,3,4,normal,False,2025-07-07T16:13:46.509019
60f40159-4c68-48e1-8000-8ae8739d8247,MA05OA14,Descubrir alguna regla que explique una sucesión dada y que permita hacer predicciones.,Descubrir alguna regla que explique una sucesión dada y que permita hacer predicciones.,5B,MAT,Recordar,mantener,2023,1,1,4,normal,False,2025-07-07T16:13:46.509019
49b1b2ed-a5d8-431e-b0eb-8eb8d0bbb3e7,MA05OA15,"Resolver problemas, usando ecuaciones e inecuaciones de un paso, que involucren adiciones y sustracciones, en forma pictórica y simbólica.","Resolver problemas, usando ecuaciones e inecuaciones de un paso, que involucren adiciones y sustracc...",5B,MAT,Aplicar,mantener,2023,1,3,4,normal,False,2025-07-07T16:13:46.509019
fd683c24-a774-4aab-a05d-2e766d04a701,MA05OA16,"Identificar y dibujar puntos en el primer cuadrante del plano cartesiano, dadas sus coordenadas en números naturales.","Identificar y dibujar puntos en el primer cuadrante del plano cartesiano, dadas sus coordenadas en n...",5B,MAT,Recordar,mantener,2023,1,1,4,normal,False,2025-07-07T16:13:46.509019
b827fc36-feb6-4b82-a1ae-fdfb4a78387b,MA05OA17,Describir y dar ejemplos de aristas y caras de figuras 3D y lados de figuras 2D:,Describir y dar ejemplos de aristas y caras de figuras 3D y lados de figuras 2D:,5B,MAT,Comprender,espacial,2023,1,2,4,normal,False,2025-07-07T16:13:46.509019
6bf80cf1-a011-4fb6-a2c4-d31aa107a36c,MA05OA18,"Demostrar que comprenden el concepto de congruencia, usando la traslación, la reflexión y la rotación en cuadrículas y mediante software geométrico.","Demostrar que comprenden el concepto de congruencia, usando la traslación, la reflexión y la rotació...",5B,MAT,Aplicar,mantener,2023,1,3,4,normal,False,2025-07-07T16:13:46.509019
317d60d5-c5f4-4697-a4b1-e15995af6d56,MA05OA19,"Medir longitudes con unidades estandarizadas (m, cm, mm) en el contexto de la resolución de problemas.","Medir longitudes con unidades estandarizadas (m, cm, mm) en el contexto de la resolución de problema...",5B,MAT,Recordar,mantener,2023,1,1,4,normal,False,2025-07-07T16:13:46.509019
d3b15140-c9b8-4ccf-8f4a-227e359d513a,MA05OA20,"Realizar transformaciones entre unidades de medidas de longitud: km a m, m a cm, cm a mm y viceversa, de manera manual y/o usando software educativo.","Realizar transformaciones entre unidades de medidas de longitud: km a m, m a cm, cm a mm y viceversa...",5B,MAT,Recordar,mantener,2023,1,1,4,normal,False,2025-07-07T16:13:46.509019
21127474-1182-49df-b159-65665bd63987,MA05OA21,"Diseñar y construir diferentes rectángulos, dados el perímetro, el área o ambos, y sacar conclusiones.","Diseñar y construir diferentes rectángulos, dados el perímetro, el área o ambos, y sacar conclusione...",5B,MAT,Crear,mantener,2023,1,5,4,normal,False,2025-07-07T16:13:46.510520
94feb0c7-c3e7-48f9-b115-baa2ecac6b9c,MA05OA22,"Calcular áreas de triángulos, de paralelogramos y de trapecios, y estimar áreas de figuras irregulares aplicando las siguientes estrategias:","Calcular áreas de triángulos, de paralelogramos y de trapecios, y estimar áreas de figuras irregular...",5B,MAT,Aplicar,espacial,2023,1,3,4,normal,False,2025-07-07T16:13:46.510520
6beaca6a-fa51-4e25-abe4-6739cf78b957,MA05OA23,Calcular el promedio de datos e interpretarlo en su contexto.,Calcular el promedio de datos e interpretarlo en su contexto.,5B,MAT,Aplicar,mantener,2023,1,3,4,normal,False,2025-07-07T16:13:46.510520
2ba64d46-9852-4ca6-9d1c-7f0f7b33de09,MA05OA24,"Describir la posibilidad de ocurrencia de un evento en base a un experimento aleatorio, empleando los términos seguro - posible - poco posible - imposible.","Describir la posibilidad de ocurrencia de un evento en base a un experimento aleatorio, empleando lo...",5B,MAT,Comprender,mantener,2023,1,2,4,normal,False,2025-07-07T16:13:46.510520
bcb34aec-fbd0-417c-b42e-b5f96d4cdbdd,MA05OA25,Comparar probabilidades de distintos eventos sin calcularlas.,Comparar probabilidades de distintos eventos sin calcularlas.,5B,MAT,Comprender,mantener,2023,1,2,4,normal,False,2025-07-07T16:13:46.510520
fe93bc6d-663f-4dd1-8d81-f9618f378345,MA06OA01,Factores y múltiplos,Factores y múltiplos,6B,MAT,Recordar,mantener,2023,1,1,4,normal,False,2025-07-07T16:13:46.510520
a05a421f-be09-4128-a7e7-32f9669988be,MA06OA02,"Realizar cálculos que involucren las cuatro operaciones en el contexto de la resolución de problemas, utilizando la calculadora en ámbitos superiores a 10 000.",Realizar cálculos que involucren las cuatro operaciones en el contexto de la resolución de problemas...,6B,MAT,Recordar,mantener,2023,1,1,4,normal,False,2025-07-07T16:13:46.510520
ba3e5b4a-2026-4bdd-a517-1ca9feca249c,MA06OA03,"Demostrar que comprenden el concepto de razón de manera concreta, pictórica y simbólica, en forma manual y/o usando software educativo.","Demostrar que comprenden el concepto de razón de manera concreta, pictórica y simbólica, en forma ma...",6B,MAT,Aplicar,mantener,2023,1,3,4,normal,False,2025-07-07T16:13:46.510520
75755fb6-112f-4ed0-9eca-49e4c6e62a43,MA06OA04,"Demostrar que comprenden el concepto de porcentaje de manera concreta, pictórica y simbólica, de forma manual y/o usando software educativo.","Demostrar que comprenden el concepto de porcentaje de manera concreta, pictórica y simbólica, de for...",6B,MAT,Aplicar,mantener,2023,1,3,4,normal,False,2025-07-07T16:13:46.510520
b4edd8aa-9501-4dae-b45f-79050a391193,MA06OA05,Fracciones y números mixtos,Fracciones y números mixtos,6B,MAT,Recordar,mantener,2023,1,1,4,normal,False,2025-07-07T16:13:46.510520
1f80aa7a-fa6f-4fb0-8ad4-25f006cd9b0f,MA06OA06,Resolver adiciones y sustracciones de fracciones propias e impropias y números mixtos con numeradores y denominadores de hasta dos dígitos.,Resolver adiciones y sustracciones de fracciones propias e impropias y números mixtos con numeradore...,6B,MAT,Aplicar,mantener,2023,1,3,4,normal,False,2025-07-07T16:13:46.510520
22bc8f26-46b5-461e-b292-036f82121b70,MA06OA07,"Demostrar que comprenden la multiplicación y la división de decimales por números naturales de un dígito, múltiplos de 10 y decimales hasta la milésima de manera concreta, pictórica y simbólica.",Demostrar que comprenden la multiplicación y la división de decimales por números naturales de un dí...,6B,MAT,Aplicar,mantener,2023,1,3,4,normal,False,2025-07-07T16:13:46.510520
6b6c3abd-6774-4cf5-a25c-f6e02c18a725,MA06OA08,"Resolver problemas rutinarios y no rutinarios que involucren adiciones y sustracciones de fracciones propias, impropias, números mixtos o decimales hasta la milésima.",Resolver problemas rutinarios y no rutinarios que involucren adiciones y sustracciones de fracciones...,6B,MAT,Aplicar,mantener,2023,1,3,4,normal,False,2025-07-07T16:13:46.510520
3bc351be-84fb-42d9-aae4-2e3e81a001fc,MA06OA09,Resolver problemas con tablas de datos,Resolver problemas con tablas de datos,6B,MAT,Aplicar,mantener,2023,1,3,4,normal,False,2025-07-07T16:13:46.510520
510862bd-1744-47bf-94d1-ee23ab9b0b0f,MA06OA10,"Representar generalizaciones de relaciones entre números naturales, usando expresiones con letras y ecuaciones.","Representar generalizaciones de relaciones entre números naturales, usando expresiones con letras y ...",6B,MAT,Aplicar,mantener,2023,1,3,4,normal,False,2025-07-07T16:13:46.510520
f2bfb200-0e31-495b-ac82-ff67b7246e2e,MA06OA11,Resolver ecuaciones de primer grado con una incognita,Resolver ecuaciones de primer grado con una incognita,6B,MAT,Aplicar,mantener,2023,1,3,4,normal,False,2025-07-07T16:13:46.510520
835a07b4-7298-4985-b1e0-87f8eaab7ef6,MA06OA12,Construir y comparar triángulos de acuerdo a la medida de sus lados y /o sus ángulos con instrumentos geométricos o software geométrico.,Construir y comparar triángulos de acuerdo a la medida de sus lados y /o sus ángulos con instrumento...,6B,MAT,Comprender,mantener,2023,1,2,4,normal,False,2025-07-07T16:13:46.511522
b80ef73d-2569-4446-bbb3-dfc81d4c8a54,MA06OA13,"Demostrar que comprenden el concepto de área de una superficie en cubos y paralelepípedos, calculando el área de sus redes (plantillas) asociadas.","Demostrar que comprenden el concepto de área de una superficie en cubos y paralelepípedos, calculand...",6B,MAT,Aplicar,mantener,2023,1,3,4,normal,False,2025-07-07T16:13:46.511522
5d235e07-b0a2-4299-be91-e5acbfd0031c,MA06OA14,"Realizar teselados de figuras 2D usando traslaciones, reflexiones y rotaciones.","Realizar teselados de figuras 2D usando traslaciones, reflexiones y rotaciones.",6B,MAT,Recordar,espacial,2023,1,1,4,normal,False,2025-07-07T16:13:46.511522
ef3c3717-b0da-4c15-bc48-94b6ff8f7db2,MA06OA15,"Construir ángulos agudos, obtusos, rectos, extendidos y completos con instrumentos geométricos o software geométrico.","Construir ángulos agudos, obtusos, rectos, extendidos y completos con instrumentos geométricos o sof...",6B,MAT,Crear,mantener,2023,1,5,4,normal,False,2025-07-07T16:13:46.511522
170b26dc-40cf-4970-b8b0-479846f23085,MA06OA16,Identificar los ángulos que se forman entre dos rectas que se cortan (pares de ángulos opuestos por el vértice y pares de ángulos complementarios).,Identificar los ángulos que se forman entre dos rectas que se cortan (pares de ángulos opuestos por ...,6B,MAT,Recordar,mantener,2023,1,1,4,normal,False,2025-07-07T16:13:46.511522
2809afd1-be86-4f17-9a28-4f2c77be8ccf,MA06OA17,"Demostrar de manera concreta, pictórica y simbólica que la suma de los ángulos interiores de un triángulo es 180° y de un cuadrilátero es 360°.","Demostrar de manera concreta, pictórica y simbólica que la suma de los ángulos interiores de un triá...",6B,MAT,Aplicar,mantener,2023,1,3,4,normal,False,2025-07-07T16:13:46.511522
feae283d-e927-4b96-944d-1a364534e4a7,MA06OA18,Calcular superficie de cubos y paralelepípedos,Calcular superficie de cubos y paralelepípedos,6B,MAT,Aplicar,mantener,2023,1,3,4,normal,False,2025-07-07T16:13:46.511522
d3092283-77f6-44d2-a74d-32b6fb517b44,MA06OA19,Calcular volumen de cubos y paralelepípedos,Calcular volumen de cubos y paralelepípedos,6B,MAT,Aplicar,mantener,2023,1,3,4,normal,False,2025-07-07T16:13:46.511522
466c0cb3-20f5-4100-80f5-ea9a84be5476,MA06OA20,"Estimar y medir ángulos usando el transportador, expresando las mediciones en grados.","Estimar y medir ángulos usando el transportador, expresando las mediciones en grados.",6B,MAT,Aplicar,mantener,2023,1,3,4,normal,False,2025-07-07T16:13:46.511522
d8d195d6-04ee-4b0b-b0bd-2233f5a494e0,MA06OA21,Calcular ángulos en rectas paralelas cortadas por una transversal y en triángulos.,Calcular ángulos en rectas paralelas cortadas por una transversal y en triángulos.,6B,MAT,Aplicar,mantener,2023,1,3,4,normal,False,2025-07-07T16:13:46.511522
06ae57ba-0b40-4ce8-a9c8-a2b87238dbd1,MA06OA22,"Comparar distribuciones de dos grupos, provenientes de muestras aleatorias, usando diagramas de puntos y de tallo y hojas.","Comparar distribuciones de dos grupos, provenientes de muestras aleatorias, usando diagramas de punt...",6B,MAT,Comprender,mantener,2023,1,2,4,normal,False,2025-07-07T16:13:46.511522
613b3bae-9247-4810-b598-d01dcc7b7b50,MA06OA23,"Conjeturar acerca de la tendencia de resultados obtenidos en repeticiones de un mismo experimento con dados, monedas u otros, de manera manual y/o usando software educativo.",Conjeturar acerca de la tendencia de resultados obtenidos en repeticiones de un mismo experimento co...,6B,MAT,Recordar,mantener,2023,1,1,4,normal,False,2025-07-07T16:13:46.511522
f7d50385-0d42-4814-8164-71d2e54f77d2,MA06OA24,Leer e interpretar gráficos de barra doble y circulares y comunicar sus conclusiones.,Leer e interpretar gráficos de barra doble y circulares y comunicar sus conclusiones.,6B,MAT,Comprender,mantener,2023,1,2,4,normal,False,2025-07-07T16:13:46.511522
1846206d-039d-4580-bf33-871a5d35af09,LE06OA01,Lectura fluida de textos,Lectura fluida de textos,6B,LEN,Recordar,mantener,2023,1,1,4,normal,False,2025-07-07T16:13:46.511522
aef74c2f-4d3c-4073-a8fb-fa8c356d0ab0,LE06OA02,Aplicar estrategias de comprensión lectora,Aplicar estrategias de comprensión lectora,6B,LEN,Aplicar,mantener,2023,1,3,4,normal,False,2025-07-07T16:13:46.511522
d70d6659-2055-49c6-9ae6-4d896f73f379,LE06OA03,Familiarizarse con un amplio repertorio literario,Familiarizarse con un amplio repertorio literario,6B,LEN,Recordar,mantener,2023,1,1,4,normal,False,2025-07-07T16:13:46.511522
42293ce0-8d52-4d06-ba28-7370f56d5bf0,LE06OA04,Profundizar comprensión de narraciones leídas,Profundizar comprensión de narraciones leídas,6B,LEN,Recordar,mantener,2023,1,1,4,normal,False,2025-07-07T16:13:46.511522
ec5cd7ee-2dc2-4bae-b612-0a6dc4991820,LE06OA05,Profundizar comprensión del lenguaje poético,Profundizar comprensión del lenguaje poético,6B,LEN,Recordar,mantener,2023,1,1,4,normal,False,2025-07-07T16:13:46.512529
64e536ed-6d5a-4504-932d-d2e99fbe25d2,LE06OA06,Comprensión de textos no literarios,Comprensión de textos no literarios,6B,LEN,Recordar,mantener,2023,1,1,4,normal,False,2025-07-07T16:13:46.512529
eb7f74d9-888f-4304-adf0-e68a5d546e94,LE06OA07,Evaluar críticamente información en textos,Evaluar críticamente información en textos,6B,LEN,Evaluar,memorizar,2023,1,5,4,normal,False,2025-07-07T16:13:46.512529
16d7cad5-8d87-4074-bb98-8413e077ac38,LE06OA08,"Sintetizar, registrar y ordenar las ideas principales de textos leídos para satisfacer propósitos como estudiar, hacer una investigación, recordar detalles, etc.","Sintetizar, registrar y ordenar las ideas principales de textos leídos para satisfacer propósitos co...",6B,LEN,Crear,mantener,2023,1,5,4,normal,False,2025-07-07T16:13:46.512529
bed1dd8f-e11d-453a-b483-595d0f01347c,LE06OA09,"Desarrollar el gusto por la lectura, leyendo habitualmente diversos textos.","Desarrollar el gusto por la lectura, leyendo habitualmente diversos textos.",6B,LEN,Aplicar,mantener,2023,1,4,4,normal,False,2025-07-07T16:13:46.512529
8eb2f98d-9bc1-4fa5-9e57-d9fff7f21afd,LE06OA10,"Asistir habitualmente a la biblioteca para satisfacer diversos propósitos (seleccionar textos, investigar sobre un tema, informarse sobre actualidad, etc.), adecuando su comportamiento y cuidando el material para permitir el trabajo y la lectura de los demás.","Asistir habitualmente a la biblioteca para satisfacer diversos propósitos (seleccionar textos, inves...",6B,LEN,Recordar,mantener,2023,1,2,4,normal,False,2025-07-07T16:13:46.512529
7f0b8ea7-113c-4d71-a285-f2ec563a2629,LE06OA11,"Buscar y comparar información sobre un tema, utilizando fuentes como internet, enciclopedias, libros, prensa, etc., para llevar a cabo una investigación.","Buscar y comparar información sobre un tema, utilizando fuentes como internet, enciclopedias, libros...",6B,LEN,Comprender,memorizar,2023,1,2,4,normal,False,2025-07-07T16:13:46.512529
b534ffef-7028-4d17-96c6-f8455678d1a0,LE06OA12,Determinar el significado de palabras nuevas,Determinar el significado de palabras nuevas,6B,LEN,Analizar,mantener,2023,1,4,4,normal,False,2025-07-07T16:13:46.512529
db6874d2-06df-489e-829f-68d93ffcc266,LE06OA13,"Escribir frecuentemente, para desarrollar la creatividad y expresar sus ideas, textos como poemas, diarios de vida, cuentos, anécdotas, cartas, blogs, etc.","Escribir frecuentemente, para desarrollar la creatividad y expresar sus ideas, textos como poemas, d...",6B,LEN,Aplicar,mantener,2023,1,3,4,normal,False,2025-07-07T16:13:46.512529
eacd9629-5a86-4e64-a7ae-902cda256aed,LE06OA14,Escribir creativamente narraciones,Escribir creativamente narraciones,6B,LEN,Recordar,mantener,2023,1,1,4,normal,False,2025-07-07T16:13:46.512529
5b19cf2d-e2fb-4b9c-aed8-ee1e5cab0ec1,LE06OA15,Escribir artículos informativos para comunicar información sobre un tema:,Escribir artículos informativos para comunicar información sobre un tema:,6B,LEN,Recordar,memorizar,2023,1,1,4,normal,False,2025-07-07T16:13:46.512529
e7979b5c-c773-4a06-804b-8ebebcbd1a79,LE06OA16,"Escribir frecuentemente para compartir impresiones sobre sus lecturas, desarrollando un tema relevante del texto leído y fundamentando sus comentarios con ejemplos.","Escribir frecuentemente para compartir impresiones sobre sus lecturas, desarrollando un tema relevan...",6B,LEN,Recordar,mantener,2023,1,1,4,normal,False,2025-07-07T16:13:46.512529
88d4ac10-8865-48d2-bc4b-e1d6a90852b2,LE06OA17,Planificar sus textos:,Planificar sus textos:,6B,LEN,Crear,mantener,2023,1,5,4,normal,False,2025-07-07T16:13:46.512529
c951a661-7556-48c4-ace8-c104d87ca5b3,LE06OA18,"Escribir, revisar y editar sus textos y transmitir sus ideas con claridad.","Escribir, revisar y editar sus textos y transmitir sus ideas con claridad.",6B,LEN,Recordar,mantener,2023,1,1,4,normal,False,2025-07-07T16:13:46.512529
7e431ddd-7c0a-4f22-9a72-f886deb46fa3,LE06OA19,Incorporar de manera pertinente en la escritura el vocabulario nuevo extraído de textos escuchados o leídos.,Incorporar de manera pertinente en la escritura el vocabulario nuevo extraído de textos escuchados o...,6B,LEN,Recordar,mantener,2023,1,1,4,normal,False,2025-07-07T16:13:46.512529
827dec0f-0c87-44f8-ad28-45bee15fba1d,LE06OA20,"Ampliar su capacidad expresiva, utilizando los recursos que ofrece el lenguaje para expresar un mismo mensaje de diversas maneras; por ejemplo:","Ampliar su capacidad expresiva, utilizando los recursos que ofrece el lenguaje para expresar un mism...",6B,LEN,Recordar,mantener,2023,1,1,4,normal,False,2025-07-07T16:13:46.512529
ae2abbbe-dfaa-46aa-9d6e-02c4d5f050e3,LE06OA21,"Utilizar correctamente los participios irregulares (por ejemplo, roto, abierto, dicho, escrito, muerto, puesto, vuelto) en sus producciones escritas.","Utilizar correctamente los participios irregulares (por ejemplo, roto, abierto, dicho, escrito, muer...",6B,LEN,Aplicar,mantener,2023,1,3,4,normal,False,2025-07-07T16:13:46.513976
086d3036-2072-42fe-9bd8-24c735af1571,LE06OA22,"Escribir correctamente para facilitar la comprensión por parte del lector, aplicando todas las reglas de ortografía literal, acentual y puntual aprendidas en años anteriores, además de:","Escribir correctamente para facilitar la comprensión por parte del lector, aplicando todas las regla...",6B,LEN,Recordar,mantener,2023,1,1,4,normal,False,2025-07-07T16:13:46.513976
ed1a3601-1e70-4925-8ab4-e3dd3979f7d9,LE06OA23,"Comprender y disfrutar versiones completas de obras de la literatura, narradas o leídas por un adulto, como:","Comprender y disfrutar versiones completas de obras de la literatura, narradas o leídas por un adult...",6B,LEN,Comprender,mantener,2023,1,2,4,normal,False,2025-07-07T16:13:46.513976
6fdc482d-877f-4f9f-b387-05b06f8994b6,LE06OA24,"Comprender textos orales (explicaciones, instrucciones, noticias, documentales, entrevistas, testimonios, relatos, reportajes, etc.) para obtener información y desarrollar su curiosidad por el mundo:","Comprender textos orales (explicaciones, instrucciones, noticias, documentales, entrevistas, testimo...",6B,LEN,Comprender,memorizar,2023,1,2,4,normal,False,2025-07-07T16:13:46.513976
3f4db642-83f9-4331-a966-aa8d171d4b5c,LE06OA25,Evaluar críticamente mensajes publicitarios:,Evaluar críticamente mensajes publicitarios:,6B,LEN,Evaluar,mantener,2023,1,5,4,normal,False,2025-07-07T16:13:46.513976
